Code du département;Libellé du département;Inscrits;Abstentions;% Abs/Ins;Votants;% Vot/Ins;Blancs;% Blancs/Ins;% Blancs/Vot;Nuls;% Nuls/Ins;% Nuls/Vot;Exprimés;% Exp/Ins;% Exp/Vot;Sexe;Nom;Prénom;Voix;% Voix/Ins;% Voix/Exp;Sexe;Nom;Prénom;Voix;% Voix/Ins;% Voix/Exp;Sexe;Nom;Prénom;Voix;% Voix/Ins;% Voix/Exp;Sexe;Nom;Prénom;Voix;% Voix/Ins;% Voix/Exp;Sexe;Nom;Prénom;Voix;% Voix/Ins;% Voix/Exp;Sexe;Nom;Prénom;Voix;% Voix/Ins;% Voix/Exp;Sexe;Nom;Prénom;Voix;% Voix/Ins;% Voix/Exp;Sexe;Nom;Prénom;Voix;% Voix/Ins;% Voix/Exp;Sexe;Nom;Prénom;Voix;% Voix/Ins;% Voix/Exp;Sexe;Nom;Prénom;Voix;% Voix/Ins;% Voix/Exp;Sexe;Nom;Prénom;Voix;% Voix/Ins;% Voix/Exp
1;Ain;415909;81530;19,6;334379;80,4;6342;1,52;1,9;2239;0,54;0,67;325798;78,33;97,43;F;LE PEN;Marine;81455;19,58;25;M;MACRON;Emmanuel;73692;17,72;22,62;M;FILLON;François;69804;16,78;21,43;M;MÉLENCHON;Jean-Luc;51736;12,44;15,88;M;DUPONT-AIGNAN;Nicolas;19788;4,76;6,07;M;HAMON;Benoît;16711;4,02;5,13;M;ASSELINEAU;François;3612;0,87;1,11;M;LASSALLE;Jean;3465;0,83;1,06;M;POUTOU;Philippe;3098;0,74;0,95;F;ARTHAUD;Nathalie;1842;0,44;0,57;M;CHEMINADE;Jacques;595;0,14;0,18
2;Aisne;375752;80183;21,34;295569;78,66;5047;1,34;1,71;2323;0,62;0,79;288199;76,7;97,51;F;LE PEN;Marine;102787;27,36;35,67;M;MACRON;Emmanuel;51693;13,76;17,94;M;MÉLENCHON;Jean-Luc;48959;13,03;16,99;M;FILLON;François;46985;12,5;16,3;M;DUPONT-AIGNAN;Nicolas;14652;3,9;5,08;M;HAMON;Benoît;12231;3,26;4,24;M;POUTOU;Philippe;3156;0,84;1,1;F;ARTHAUD;Nathalie;2764;0,74;0,96;M;LASSALLE;Jean;2265;0,6;0,79;M;ASSELINEAU;François;2171;0,58;0,75;M;CHEMINADE;Jacques;536;0,14;0,19
3;Allier;253946;54357;21,4;199589;78,6;4240;1,67;2,12;2556;1,01;1,28;192793;75,92;96,6;M;MACRON;Emmanuel;45744;18,01;23,73;F;LE PEN;Marine;43071;16,96;22,34;M;MÉLENCHON;Jean-Luc;38324;15,09;19,88;M;FILLON;François;36499;14,37;18,93;M;HAMON;Benoît;10639;4,19;5,52;M;DUPONT-AIGNAN;Nicolas;9819;3,87;5,09;M;LASSALLE;Jean;2988;1,18;1,55;M;POUTOU;Philippe;2328;0,92;1,21;F;ARTHAUD;Nathalie;1543;0,61;0,8;M;ASSELINEAU;François;1483;0,58;0,77;M;CHEMINADE;Jacques;355;0,14;0,18
4;Alpes-de-Haute-Provence;126578;24323;19,22;102255;80,78;1806;1,43;1,77;736;0,58;0,72;99713;78,78;97,51;F;LE PEN;Marine;24463;19,33;24,53;M;MÉLENCHON;Jean-Luc;22448;17,73;22,51;M;MACRON;Emmanuel;19960;15,77;20,02;M;FILLON;François;18442;14,57;18,5;M;HAMON;Benoît;4983;3,94;5;M;DUPONT-AIGNAN;Nicolas;4860;3,84;4,87;M;LASSALLE;Jean;1721;1,36;1,73;M;POUTOU;Philippe;1178;0,93;1,18;M;ASSELINEAU;François;932;0,74;0,93;F;ARTHAUD;Nathalie;521;0,41;0,52;M;CHEMINADE;Jacques;205;0,16;0,21
5;Hautes-Alpes;109907;20821;18,94;89086;81,06;1541;1,4;1,73;618;0,56;0,69;86927;79,09;97,58;M;MACRON;Emmanuel;18948;17,24;21,8;M;MÉLENCHON;Jean-Luc;18796;17,1;21,62;F;LE PEN;Marine;18474;16,81;21,25;M;FILLON;François;16645;15,14;19,15;M;HAMON;Benoît;5109;4,65;5,88;M;DUPONT-AIGNAN;Nicolas;4938;4,49;5,68;M;LASSALLE;Jean;1609;1,46;1,85;M;POUTOU;Philippe;1049;0,95;1,21;M;ASSELINEAU;François;783;0,71;0,9;F;ARTHAUD;Nathalie;411;0,37;0,47;M;CHEMINADE;Jacques;165;0,15;0,19
6;Alpes-Maritimes;761761;161905;21,25;599856;78,75;9028;1,19;1,51;2908;0,38;0,48;587920;77,18;98,01;F;LE PEN;Marine;163140;21,42;27,75;M;FILLON;François;161035;21,14;27,39;M;MACRON;Emmanuel;111943;14,7;19,04;M;MÉLENCHON;Jean-Luc;87941;11,54;14,96;M;DUPONT-AIGNAN;Nicolas;25175;3,3;4,28;M;HAMON;Benoît;21067;2,77;3,58;M;ASSELINEAU;François;6067;0,8;1,03;M;LASSALLE;Jean;5262;0,69;0,9;M;POUTOU;Philippe;3622;0,48;0,62;F;ARTHAUD;Nathalie;1729;0,23;0,29;M;CHEMINADE;Jacques;939;0,12;0,16
7;Ardèche;249260;46619;18,7;202641;81,3;3901;1,57;1,93;1667;0,67;0,82;197073;79,06;97,25;F;LE PEN;Marine;45588;18,29;23,13;M;MÉLENCHON;Jean-Luc;42880;17,2;21,76;M;MACRON;Emmanuel;42703;17,13;21,67;M;FILLON;François;34182;13,71;17,34;M;HAMON;Benoît;11844;4,75;6,01;M;DUPONT-AIGNAN;Nicolas;9994;4,01;5,07;M;LASSALLE;Jean;3581;1,44;1,82;M;POUTOU;Philippe;2623;1,05;1,33;M;ASSELINEAU;François;1985;0,8;1,01;F;ARTHAUD;Nathalie;1317;0,53;0,67;M;CHEMINADE;Jacques;376;0,15;0,19
8;Ardennes;194379;44076;22,68;150303;77,32;2552;1,31;1,7;948;0,49;0,63;146803;75,52;97,67;F;LE PEN;Marine;47578;24,48;32,41;M;MACRON;Emmanuel;26912;13,85;18,33;M;MÉLENCHON;Jean-Luc;26172;13,46;17,83;M;FILLON;François;25273;13;17,22;M;DUPONT-AIGNAN;Nicolas;7810;4,02;5,32;M;HAMON;Benoît;7234;3,72;4,93;M;POUTOU;Philippe;1693;0,87;1,15;M;LASSALLE;Jean;1406;0,72;0,96;F;ARTHAUD;Nathalie;1378;0,71;0,94;M;ASSELINEAU;François;1080;0,56;0,74;M;CHEMINADE;Jacques;267;0,14;0,18
9;Ariège;117409;21392;18,22;96017;81,78;1728;1,47;1,8;901;0,77;0,94;93388;79,54;97,26;M;MÉLENCHON;Jean-Luc;25000;21,29;26,77;F;LE PEN;Marine;20264;17,26;21,7;M;MACRON;Emmanuel;19529;16,63;20,91;M;FILLON;François;11901;10,14;12,74;M;HAMON;Benoît;7339;6,25;7,86;M;DUPONT-AIGNAN;Nicolas;3371;2,87;3,61;M;LASSALLE;Jean;3305;2,81;3,54;M;POUTOU;Philippe;1183;1,01;1,27;M;ASSELINEAU;François;799;0,68;0,86;F;ARTHAUD;Nathalie;557;0,47;0,6;M;CHEMINADE;Jacques;140;0,12;0,15
10;Aube;203847;38951;19,11;164896;80,89;2745;1,35;1,66;1083;0,53;0,66;161068;79,01;97,68;F;LE PEN;Marine;48846;23,96;30,33;M;FILLON;François;37122;18,21;23,05;M;MACRON;Emmanuel;30565;14,99;18,98;M;MÉLENCHON;Jean-Luc;22496;11,04;13,97;M;DUPONT-AIGNAN;Nicolas;10235;5,02;6,35;M;HAMON;Benoît;6545;3,21;4,06;M;POUTOU;Philippe;1387;0,68;0,86;M;ASSELINEAU;François;1317;0,65;0,82;M;LASSALLE;Jean;1159;0,57;0,72;F;ARTHAUD;Nathalie;1107;0,54;0,69;M;CHEMINADE;Jacques;289;0,14;0,18
11;Aude;272724;52568;19,28;220156;80,72;3848;1,41;1,75;1955;0,72;0,89;214353;78,6;97,36;F;LE PEN;Marine;60584;22,21;28,26;M;MÉLENCHON;Jean-Luc;46123;16,91;21,52;M;MACRON;Emmanuel;43012;15,77;20,07;M;FILLON;François;32280;11,84;15,06;M;HAMON;Benoît;13614;4,99;6,35;M;DUPONT-AIGNAN;Nicolas;8265;3,03;3,86;M;LASSALLE;Jean;4642;1,7;2,17;M;POUTOU;Philippe;2507;0,92;1,17;M;ASSELINEAU;François;1783;0,65;0,83;F;ARTHAUD;Nathalie;1195;0,44;0,56;M;CHEMINADE;Jacques;348;0,13;0,16
12;Aveyron;218442;36544;16,73;181898;83,27;3545;1,62;1,95;1891;0,87;1,04;176462;80,78;97,01;M;MACRON;Emmanuel;45583;20,87;25,83;M;FILLON;François;36664;16,78;20,78;M;MÉLENCHON;Jean-Luc;34689;15,88;19,66;F;LE PEN;Marine;28588;13,09;16,2;M;HAMON;Benoît;10878;4,98;6,16;M;DUPONT-AIGNAN;Nicolas;8554;3,92;4,85;M;LASSALLE;Jean;6461;2,96;3,66;M;POUTOU;Philippe;2322;1,06;1,32;M;ASSELINEAU;François;1304;0,6;0,74;F;ARTHAUD;Nathalie;1106;0,51;0,63;M;CHEMINADE;Jacques;313;0,14;0,18
13;Bouches-du-Rhône;1372396;300148;21,87;1072248;78,13;16554;1,21;1,54;5995;0,44;0,56;1049699;76,49;97,9;F;LE PEN;Marine;286397;20,87;27,28;M;MÉLENCHON;Jean-Luc;231194;16,85;22,02;M;FILLON;François;207467;15,12;19,76;M;MACRON;Emmanuel;203312;14,81;19,37;M;HAMON;Benoît;47564;3,47;4,53;M;DUPONT-AIGNAN;Nicolas;40447;2,95;3,85;M;LASSALLE;Jean;10040;0,73;0,96;M;ASSELINEAU;François;9418;0,69;0,9;M;POUTOU;Philippe;8006;0,58;0,76;F;ARTHAUD;Nathalie;4114;0,3;0,39;M;CHEMINADE;Jacques;1740;0,13;0,17
14;Calvados;501153;90313;18,02;410840;81,98;6292;1,26;1,53;2926;0,58;0,71;401622;80,14;97,76;M;MACRON;Emmanuel;99720;19,9;24,83;M;FILLON;François;82340;16,43;20,5;F;LE PEN;Marine;81770;16,32;20,36;M;MÉLENCHON;Jean-Luc;75620;15,09;18,83;M;HAMON;Benoît;27293;5,45;6,8;M;DUPONT-AIGNAN;Nicolas;20079;4,01;5;M;POUTOU;Philippe;5269;1,05;1,31;F;ARTHAUD;Nathalie;3099;0,62;0,77;M;LASSALLE;Jean;2911;0,58;0,72;M;ASSELINEAU;François;2830;0,56;0,7;M;CHEMINADE;Jacques;691;0,14;0,17
15;Cantal;117425;22767;19,39;94658;80,61;2113;1,8;2,23;979;0,83;1,03;91566;77,98;96,73;M;MACRON;Emmanuel;24483;20,85;26,74;M;FILLON;François;21589;18,39;23,58;F;LE PEN;Marine;16635;14,17;18,17;M;MÉLENCHON;Jean-Luc;14566;12,4;15,91;M;HAMON;Benoît;4810;4,1;5,25;M;DUPONT-AIGNAN;Nicolas;4047;3,45;4,42;M;LASSALLE;Jean;2840;2,42;3,1;M;POUTOU;Philippe;1179;1;1,29;F;ARTHAUD;Nathalie;692;0,59;0,76;M;ASSELINEAU;François;527;0,45;0,58;M;CHEMINADE;Jacques;198;0,17;0,22
16;Charente;259954;54980;21,15;204974;78,85;3736;1,44;1,82;2225;0,86;1,09;199013;76,56;97,09;M;MACRON;Emmanuel;49889;19,19;25,07;F;LE PEN;Marine;42598;16,39;21,4;M;MÉLENCHON;Jean-Luc;40755;15,68;20,48;M;FILLON;François;33744;12,98;16,96;M;HAMON;Benoît;12569;4,84;6,32;M;DUPONT-AIGNAN;Nicolas;10008;3,85;5,03;M;LASSALLE;Jean;3085;1,19;1,55;M;POUTOU;Philippe;2724;1,05;1,37;F;ARTHAUD;Nathalie;1651;0,64;0,83;M;ASSELINEAU;François;1540;0,59;0,77;M;CHEMINADE;Jacques;450;0,17;0,23
17;Charente-Maritime;491374;99354;20,22;392020;79,78;6836;1,39;1,74;2916;0,59;0,74;382268;77,8;97,51;M;MACRON;Emmanuel;91392;18,6;23,91;F;LE PEN;Marine;80822;16,45;21,14;M;FILLON;François;78689;16,01;20,58;M;MÉLENCHON;Jean-Luc;72534;14,76;18,97;M;HAMON;Benoît;22033;4,48;5,76;M;DUPONT-AIGNAN;Nicolas;20349;4,14;5,32;M;LASSALLE;Jean;5282;1,07;1,38;M;POUTOU;Philippe;4878;0,99;1,28;M;ASSELINEAU;François;3020;0,61;0,79;F;ARTHAUD;Nathalie;2576;0,52;0,67;M;CHEMINADE;Jacques;693;0,14;0,18
18;Cher;229014;50941;22,24;178073;77,76;3996;1,74;2,24;1394;0,61;0,78;172683;75,4;96,97;F;LE PEN;Marine;41753;18,23;24,18;M;MACRON;Emmanuel;38075;16,63;22,05;M;MÉLENCHON;Jean-Luc;33693;14,71;19,51;M;FILLON;François;32966;14,39;19,09;M;DUPONT-AIGNAN;Nicolas;9554;4,17;5,53;M;HAMON;Benoît;9157;4;5,3;M;POUTOU;Philippe;2106;0,92;1,22;M;LASSALLE;Jean;1925;0,84;1,11;F;ARTHAUD;Nathalie;1630;0,71;0,94;M;ASSELINEAU;François;1479;0,65;0,86;M;CHEMINADE;Jacques;345;0,15;0,2
19;Corrèze;185277;34299;18,51;150978;81,49;3427;1,85;2,27;1937;1,05;1,28;145614;78,59;96,45;M;MACRON;Emmanuel;39218;21,17;26,93;M;MÉLENCHON;Jean-Luc;30358;16,39;20,85;M;FILLON;François;25427;13,72;17,46;F;LE PEN;Marine;25253;13,63;17,34;M;HAMON;Benoît;9263;5;6,36;M;DUPONT-AIGNAN;Nicolas;7049;3,8;4,84;M;LASSALLE;Jean;4253;2,3;2,92;M;POUTOU;Philippe;2319;1,25;1,59;M;ASSELINEAU;François;1094;0,59;0,75;F;ARTHAUD;Nathalie;1051;0,57;0,72;M;CHEMINADE;Jacques;329;0,18;0,23
2A;Corse-du-Sud;108781;33758;31,03;75023;68,97;1208;1,11;1,61;948;0,87;1,26;72867;66,99;97,13;F;LE PEN;Marine;20857;19,17;28,62;M;FILLON;François;18714;17,2;25,68;M;MACRON;Emmanuel;13022;11,97;17,87;M;MÉLENCHON;Jean-Luc;10085;9,27;13,84;M;LASSALLE;Jean;3948;3,63;5,42;M;HAMON;Benoît;2546;2,34;3,49;M;DUPONT-AIGNAN;Nicolas;2218;2,04;3,04;M;POUTOU;Philippe;657;0,6;0,9;M;ASSELINEAU;François;485;0,45;0,67;F;ARTHAUD;Nathalie;218;0,2;0,3;M;CHEMINADE;Jacques;117;0,11;0,16
2B;Haute-Corse;124862;40894;32,75;83968;67,25;1506;1,21;1,79;954;0,76;1,14;81508;65,28;97,07;F;LE PEN;Marine;22183;17,77;27,22;M;FILLON;François;20684;16,57;25,38;M;MACRON;Emmanuel;15506;12,42;19,02;M;MÉLENCHON;Jean-Luc;11121;8,91;13,64;M;LASSALLE;Jean;4819;3,86;5,91;M;HAMON;Benoît;3234;2,59;3,97;M;DUPONT-AIGNAN;Nicolas;2244;1,8;2,75;M;POUTOU;Philippe;723;0,58;0,89;M;ASSELINEAU;François;482;0,39;0,59;F;ARTHAUD;Nathalie;277;0,22;0,34;M;CHEMINADE;Jacques;235;0,19;0,29
21;Côte-d'Or;360654;68674;19,04;291980;80,96;5134;1,42;1,76;1721;0,48;0,59;285125;79,06;97,65;M;MACRON;Emmanuel;67436;18,7;23,65;F;LE PEN;Marine;64202;17,8;22,52;M;FILLON;François;60624;16,81;21,26;M;MÉLENCHON;Jean-Luc;50859;14,1;17,84;M;HAMON;Benoît;16810;4,66;5,9;M;DUPONT-AIGNAN;Nicolas;14980;4,15;5,25;M;POUTOU;Philippe;2818;0,78;0,99;M;LASSALLE;Jean;2635;0,73;0,92;M;ASSELINEAU;François;2457;0,68;0,86;F;ARTHAUD;Nathalie;1795;0,5;0,63;M;CHEMINADE;Jacques;509;0,14;0,18
22;Côtes-d'Armor;455960;71620;15,71;384340;84,29;6362;1,4;1,66;3009;0,66;0,78;374969;82,24;97,56;M;MACRON;Emmanuel;104969;23,02;27,99;M;MÉLENCHON;Jean-Luc;76013;16,67;20,27;M;FILLON;François;68916;15,11;18,38;F;LE PEN;Marine;61703;13,53;16,46;M;HAMON;Benoît;32260;7,08;8,6;M;DUPONT-AIGNAN;Nicolas;15958;3,5;4,26;M;POUTOU;Philippe;5468;1,2;1,46;M;LASSALLE;Jean;3554;0,78;0,95;F;ARTHAUD;Nathalie;3028;0,66;0,81;M;ASSELINEAU;François;2479;0,54;0,66;M;CHEMINADE;Jacques;621;0,14;0,17
23;Creuse;93113;19917;21,39;73196;78,61;1950;2,09;2,66;995;1,07;1,36;70251;75,45;95,98;M;MACRON;Emmanuel;15807;16,98;22,5;M;MÉLENCHON;Jean-Luc;14827;15,92;21,11;F;LE PEN;Marine;13966;15;19,88;M;FILLON;François;12637;13,57;17,99;M;HAMON;Benoît;5494;5,9;7,82;M;DUPONT-AIGNAN;Nicolas;3521;3,78;5,01;M;LASSALLE;Jean;1352;1,45;1,92;M;POUTOU;Philippe;1209;1,3;1,72;F;ARTHAUD;Nathalie;684;0,73;0,97;M;ASSELINEAU;François;580;0,62;0,83;M;CHEMINADE;Jacques;174;0,19;0,25
24;Dordogne;314020;57520;18,32;256500;81,68;5047;1,61;1,97;2743;0,87;1,07;248710;79,2;96,96;M;MÉLENCHON;Jean-Luc;57132;18,19;22,97;M;MACRON;Emmanuel;55945;17,82;22,49;F;LE PEN;Marine;52044;16,57;20,93;M;FILLON;François;42510;13,54;17,09;M;HAMON;Benoît;15783;5,03;6,35;M;DUPONT-AIGNAN;Nicolas;11424;3,64;4,59;M;LASSALLE;Jean;6050;1,93;2,43;M;POUTOU;Philippe;3578;1,14;1,44;M;ASSELINEAU;François;2128;0,68;0,86;F;ARTHAUD;Nathalie;1626;0,52;0,65;M;CHEMINADE;Jacques;490;0,16;0,2
25;Doubs;368401;76199;20,68;292202;79,32;5807;1,58;1,99;2216;0,6;0,76;284179;77,14;97,25;F;LE PEN;Marine;66635;18,09;23,45;M;MACRON;Emmanuel;63954;17,36;22,5;M;FILLON;François;59929;16,27;21,09;M;MÉLENCHON;Jean-Luc;50803;13,79;17,88;M;HAMON;Benoît;16318;4,43;5,74;M;DUPONT-AIGNAN;Nicolas;14733;4;5,18;M;POUTOU;Philippe;3565;0,97;1,25;M;ASSELINEAU;François;3129;0,85;1,1;M;LASSALLE;Jean;2532;0,69;0,89;F;ARTHAUD;Nathalie;2051;0,56;0,72;M;CHEMINADE;Jacques;530;0,14;0,19
26;Drôme;369489;73213;19,81;296276;80,19;5467;1,48;1,85;2069;0,56;0,7;288740;78,15;97,46;F;LE PEN;Marine;68996;18,67;23,9;M;MACRON;Emmanuel;63214;17,11;21,89;M;MÉLENCHON;Jean-Luc;57986;15,69;20,08;M;FILLON;François;53403;14,45;18,5;M;HAMON;Benoît;17385;4,71;6,02;M;DUPONT-AIGNAN;Nicolas;14997;4,06;5,19;M;LASSALLE;Jean;3868;1,05;1,34;M;POUTOU;Philippe;3174;0,86;1,1;M;ASSELINEAU;François;2988;0,81;1,03;F;ARTHAUD;Nathalie;2196;0,59;0,76;M;CHEMINADE;Jacques;533;0,14;0,18
27;Eure;427533;82218;19,23;345315;80,77;6006;1,4;1,74;2534;0,59;0,73;336775;78,77;97,53;F;LE PEN;Marine;98717;23,09;29,31;M;MACRON;Emmanuel;66986;15,67;19,89;M;FILLON;François;63436;14,84;18,84;M;MÉLENCHON;Jean-Luc;58844;13,76;17,47;M;DUPONT-AIGNAN;Nicolas;19096;4,47;5,67;M;HAMON;Benoît;16999;3,98;5,05;M;POUTOU;Philippe;3933;0,92;1,17;M;ASSELINEAU;François;2927;0,68;0,87;F;ARTHAUD;Nathalie;2633;0,62;0,78;M;LASSALLE;Jean;2602;0,61;0,77;M;CHEMINADE;Jacques;602;0,14;0,18
28;Eure-et-Loir;301466;60474;20,06;240992;79,94;4533;1,5;1,88;1680;0,56;0,7;234779;77,88;97,42;F;LE PEN;Marine;58886;19,53;25,08;M;FILLON;François;51275;17,01;21,84;M;MACRON;Emmanuel;51038;16,93;21,74;M;MÉLENCHON;Jean-Luc;38035;12,62;16,2;M;DUPONT-AIGNAN;Nicolas;14103;4,68;6,01;M;HAMON;Benoît;12317;4,09;5,25;M;POUTOU;Philippe;2659;0,88;1,13;M;ASSELINEAU;François;2253;0,75;0,96;M;LASSALLE;Jean;1942;0,64;0,83;F;ARTHAUD;Nathalie;1817;0,6;0,77;M;CHEMINADE;Jacques;454;0,15;0,19
29;Finistère;690570;120636;17,47;569934;82,53;9452;1,37;1,66;3298;0,48;0,58;557184;80,68;97,76;M;MACRON;Emmanuel;164094;23,76;29,45;M;MÉLENCHON;Jean-Luc;109607;15,87;19,67;M;FILLON;François;99965;14,48;17,94;F;LE PEN;Marine;77366;11,2;13,89;M;HAMON;Benoît;60781;8,8;10,91;M;DUPONT-AIGNAN;Nicolas;22737;3,29;4,08;M;POUTOU;Philippe;8250;1,19;1,48;M;LASSALLE;Jean;6192;0,9;1,11;M;ASSELINEAU;François;3697;0,54;0,66;F;ARTHAUD;Nathalie;3638;0,53;0,65;M;CHEMINADE;Jacques;857;0,12;0,15
30;Gard;537939;107277;19,94;430662;80,06;7032;1,31;1,63;2948;0,55;0,68;420682;78,2;97,68;F;LE PEN;Marine;123273;22,92;29,3;M;MÉLENCHON;Jean-Luc;90905;16,9;21,61;M;MACRON;Emmanuel;79006;14,69;18,78;M;FILLON;François;72366;13,45;17,2;M;HAMON;Benoît;20473;3,81;4,87;M;DUPONT-AIGNAN;Nicolas;17808;3,31;4,23;M;LASSALLE;Jean;5946;1,11;1,41;M;ASSELINEAU;François;4096;0,76;0,97;M;POUTOU;Philippe;4044;0,75;0,96;F;ARTHAUD;Nathalie;2092;0,39;0,5;M;CHEMINADE;Jacques;673;0,13;0,16
31;Haute-Garonne;906653;171295;18,89;735358;81,11;11389;1,26;1,55;5098;0,56;0,69;718871;79,29;97,76;M;MACRON;Emmanuel;190021;20,96;26,43;M;MÉLENCHON;Jean-Luc;170277;18,78;23,69;F;LE PEN;Marine;120105;13,25;16,71;M;FILLON;François;118556;13,08;16,49;M;HAMON;Benoît;60150;6,63;8,37;M;DUPONT-AIGNAN;Nicolas;27805;3,07;3,87;M;LASSALLE;Jean;14438;1,59;2,01;M;POUTOU;Philippe;7105;0,78;0,99;M;ASSELINEAU;François;5958;0,66;0,83;F;ARTHAUD;Nathalie;3167;0,35;0,44;M;CHEMINADE;Jacques;1289;0,14;0,18
32;Gers;144959;23027;15,89;121932;84,11;2166;1,49;1,78;1083;0,75;0,89;118683;81,87;97,34;M;MACRON;Emmanuel;27775;19,16;23,4;F;LE PEN;Marine;23387;16,13;19,71;M;MÉLENCHON;Jean-Luc;23089;15,93;19,45;M;FILLON;François;21312;14,7;17,96;M;HAMON;Benoît;9527;6,57;8,03;M;DUPONT-AIGNAN;Nicolas;5378;3,71;4,53;M;LASSALLE;Jean;5059;3,49;4,26;M;POUTOU;Philippe;1254;0,87;1,06;M;ASSELINEAU;François;1037;0,72;0,87;F;ARTHAUD;Nathalie;677;0,47;0,57;M;CHEMINADE;Jacques;188;0,13;0,16
33;Gironde;1086968;216588;19,93;870380;80,07;13904;1,28;1,6;5661;0,52;0,65;850815;78,27;97,75;M;MACRON;Emmanuel;222282;20,45;26,13;M;MÉLENCHON;Jean-Luc;185857;17,1;21,84;F;LE PEN;Marine;155319;14,29;18,26;M;FILLON;François;145283;13,37;17,08;M;HAMON;Benoît;64300;5,92;7,56;M;DUPONT-AIGNAN;Nicolas;35530;3,27;4,18;M;LASSALLE;Jean;16459;1,51;1,93;M;POUTOU;Philippe;13233;1,22;1,56;M;ASSELINEAU;François;7045;0,65;0,83;F;ARTHAUD;Nathalie;3980;0,37;0,47;M;CHEMINADE;Jacques;1527;0,14;0,18
34;Hérault;800342;159318;19,91;641024;80,09;10049;1,26;1,57;4131;0,52;0,64;626844;78,32;97,79;F;LE PEN;Marine;161119;20,13;25,7;M;MÉLENCHON;Jean-Luc;143996;17,99;22,97;M;MACRON;Emmanuel;128621;16,07;20,52;M;FILLON;François;110339;13,79;17,6;M;HAMON;Benoît;36180;4,52;5,77;M;DUPONT-AIGNAN;Nicolas;23159;2,89;3,69;M;LASSALLE;Jean;8461;1,06;1,35;M;ASSELINEAU;François;5919;0,74;0,94;M;POUTOU;Philippe;5660;0,71;0,9;F;ARTHAUD;Nathalie;2496;0,31;0,4;M;CHEMINADE;Jacques;894;0,11;0,14
35;Ille-et-Vilaine;730142;116720;15,99;613422;84,01;9978;1,37;1,63;4109;0,56;0,67;599335;82,08;97,7;M;MACRON;Emmanuel;181373;24,84;30,26;M;MÉLENCHON;Jean-Luc;118094;16,17;19,7;M;FILLON;François;114034;15,62;19,03;F;LE PEN;Marine;84646;11,59;14,12;M;HAMON;Benoît;53418;7,32;8,91;M;DUPONT-AIGNAN;Nicolas;26822;3,67;4,48;M;POUTOU;Philippe;7065;0,97;1,18;M;LASSALLE;Jean;4531;0,62;0,76;F;ARTHAUD;Nathalie;4338;0,59;0,72;M;ASSELINEAU;François;3993;0,55;0,67;M;CHEMINADE;Jacques;1021;0,14;0,17
36;Indre;170409;34911;20,49;135498;79,51;3081;1,81;2,27;1483;0,87;1,09;130934;76,84;96,63;F;LE PEN;Marine;31985;18,77;24,43;M;MACRON;Emmanuel;27301;16,02;20,85;M;FILLON;François;25476;14,95;19,46;M;MÉLENCHON;Jean-Luc;24938;14,63;19,05;M;HAMON;Benoît;7786;4,57;5,95;M;DUPONT-AIGNAN;Nicolas;7177;4,21;5,48;M;POUTOU;Philippe;1757;1,03;1,34;M;LASSALLE;Jean;1728;1,01;1,32;F;ARTHAUD;Nathalie;1390;0,82;1,06;M;ASSELINEAU;François;1098;0,64;0,84;M;CHEMINADE;Jacques;298;0,17;0,23
37;Indre-et-Loire;428871;80171;18,69;348700;81,31;6210;1,45;1,78;2585;0,6;0,74;339905;79,26;97,48;M;MACRON;Emmanuel;83165;19,39;24,47;M;FILLON;François;72196;16,83;21,24;M;MÉLENCHON;Jean-Luc;65931;15,37;19,4;F;LE PEN;Marine;64522;15,04;18,98;M;HAMON;Benoît;22898;5,34;6,74;M;DUPONT-AIGNAN;Nicolas;18452;4,3;5,43;M;POUTOU;Philippe;3907;0,91;1,15;M;LASSALLE;Jean;2929;0,68;0,86;M;ASSELINEAU;François;2620;0,61;0,77;F;ARTHAUD;Nathalie;2606;0,61;0,77;M;CHEMINADE;Jacques;679;0,16;0,2
38;Isère;856508;177674;20,74;678834;79,26;12030;1,4;1,77;4297;0,5;0,63;662507;77,35;97,59;M;MACRON;Emmanuel;164089;19,16;24,77;F;LE PEN;Marine;147908;17,27;22,33;M;MÉLENCHON;Jean-Luc;135947;15,87;20,52;M;FILLON;François;112925;13,18;17,05;M;HAMON;Benoît;43652;5,1;6,59;M;DUPONT-AIGNAN;Nicolas;33773;3,94;5,1;M;ASSELINEAU;François;6558;0,77;0,99;M;LASSALLE;Jean;6537;0,76;0,99;M;POUTOU;Philippe;6383;0,75;0,96;F;ARTHAUD;Nathalie;3595;0,42;0,54;M;CHEMINADE;Jacques;1140;0,13;0,17
39;Jura;190332;36524;19,19;153808;80,81;3168;1,66;2,06;1071;0,56;0,7;149569;78,58;97,24;F;LE PEN;Marine;36110;18,97;24,14;M;MACRON;Emmanuel;31896;16,76;21,33;M;MÉLENCHON;Jean-Luc;30331;15,94;20,28;M;FILLON;François;28373;14,91;18,97;M;DUPONT-AIGNAN;Nicolas;8533;4,48;5,71;M;HAMON;Benoît;7589;3,99;5,07;M;LASSALLE;Jean;1994;1,05;1,33;M;POUTOU;Philippe;1980;1,04;1,32;M;ASSELINEAU;François;1330;0,7;0,89;F;ARTHAUD;Nathalie;1148;0,6;0,77;M;CHEMINADE;Jacques;285;0,15;0,19
40;Landes;310197;55411;17,86;254786;82,14;4847;1,56;1,9;1948;0,63;0,76;247991;79,95;97,33;M;MACRON;Emmanuel;61073;19,69;24,63;M;MÉLENCHON;Jean-Luc;49976;16,11;20,15;F;LE PEN;Marine;44977;14,5;18,14;M;FILLON;François;42487;13,7;17,13;M;HAMON;Benoît;21558;6,95;8,69;M;DUPONT-AIGNAN;Nicolas;11024;3,55;4,45;M;LASSALLE;Jean;10490;3,38;4,23;M;POUTOU;Philippe;2876;0,93;1,16;M;ASSELINEAU;François;1919;0,62;0,77;F;ARTHAUD;Nathalie;1238;0,4;0,5;M;CHEMINADE;Jacques;373;0,12;0,15
41;Loir-et-Cher;245321;46325;18,88;198996;81,12;3692;1,5;1,86;1566;0,64;0,79;193738;78,97;97,36;F;LE PEN;Marine;48662;19,84;25,12;M;FILLON;François;42756;17,43;22,07;M;MACRON;Emmanuel;40639;16,57;20,98;M;MÉLENCHON;Jean-Luc;31576;12,87;16,3;M;DUPONT-AIGNAN;Nicolas;11646;4,75;6,01;M;HAMON;Benoît;10956;4,47;5,66;M;POUTOU;Philippe;2198;0,9;1,13;M;LASSALLE;Jean;1843;0,75;0,95;F;ARTHAUD;Nathalie;1542;0,63;0,8;M;ASSELINEAU;François;1516;0,62;0,78;M;CHEMINADE;Jacques;404;0,16;0,21
42;Loire;510806;108835;21,31;401971;78,69;7841;1,54;1,95;2763;0,54;0,69;391367;76,62;97,36;F;LE PEN;Marine;94222;18,45;24,08;M;MACRON;Emmanuel;90677;17,75;23,17;M;MÉLENCHON;Jean-Luc;73388;14,37;18,75;M;FILLON;François;71848;14,07;18,36;M;HAMON;Benoît;22698;4,44;5,8;M;DUPONT-AIGNAN;Nicolas;22689;4,44;5,8;M;LASSALLE;Jean;5041;0,99;1,29;M;POUTOU;Philippe;4107;0,8;1,05;M;ASSELINEAU;François;3483;0,68;0,89;F;ARTHAUD;Nathalie;2547;0,5;0,65;M;CHEMINADE;Jacques;667;0,13;0,17
43;Haute-Loire;177158;32875;18,56;144283;81,44;3324;1,88;2,3;1385;0,78;0,96;139574;78,79;96,74;M;MACRON;Emmanuel;32819;18,53;23,51;F;LE PEN;Marine;32185;18,17;23,06;M;FILLON;François;25956;14,65;18,6;M;MÉLENCHON;Jean-Luc;25418;14,35;18,21;M;DUPONT-AIGNAN;Nicolas;8346;4,71;5,98;M;HAMON;Benoît;7435;4,2;5,33;M;LASSALLE;Jean;3112;1,76;2,23;M;POUTOU;Philippe;1928;1,09;1,38;M;ASSELINEAU;François;1050;0,59;0,75;F;ARTHAUD;Nathalie;1043;0,59;0,75;M;CHEMINADE;Jacques;282;0,16;0,2
44;Loire-Atlantique;993538;162601;16,37;830937;83,63;14632;1,47;1,76;4848;0,49;0,58;811457;81,67;97,66;M;MACRON;Emmanuel;232602;23,41;28,66;M;MÉLENCHON;Jean-Luc;178357;17,95;21,98;M;FILLON;François;159703;16,07;19,68;F;LE PEN;Marine;111194;11,19;13,7;M;HAMON;Benoît;65140;6,56;8,03;M;DUPONT-AIGNAN;Nicolas;36546;3,68;4,5;M;POUTOU;Philippe;9618;0,97;1,19;M;ASSELINEAU;François;6129;0,62;0,76;M;LASSALLE;Jean;6029;0,61;0,74;F;ARTHAUD;Nathalie;4785;0,48;0,59;M;CHEMINADE;Jacques;1354;0,14;0,17
45;Loiret;452607;87974;19,44;364633;80,56;6397;1,41;1,75;2664;0,59;0,73;355572;78,56;97,52;F;LE PEN;Marine;83662;18,48;23,53;M;MACRON;Emmanuel;83506;18,45;23,48;M;FILLON;François;75655;16,72;21,28;M;MÉLENCHON;Jean-Luc;58134;12,84;16,35;M;DUPONT-AIGNAN;Nicolas;21128;4,67;5,94;M;HAMON;Benoît;20438;4,52;5,75;M;POUTOU;Philippe;3655;0,81;1,03;M;LASSALLE;Jean;3203;0,71;0,9;M;ASSELINEAU;François;3109;0,69;0,87;F;ARTHAUD;Nathalie;2380;0,53;0,67;M;CHEMINADE;Jacques;702;0,16;0,2
46;Lot;136305;22305;16,36;114000;83,64;1914;1,4;1,68;1301;0,95;1,14;110785;81,28;97,18;M;MACRON;Emmanuel;29527;21,66;26,65;M;MÉLENCHON;Jean-Luc;26014;19,09;23,48;M;FILLON;François;18459;13,54;16,66;F;LE PEN;Marine;17864;13,11;16,12;M;HAMON;Benoît;7950;5,83;7,18;M;DUPONT-AIGNAN;Nicolas;4550;3,34;4,11;M;LASSALLE;Jean;3073;2,25;2,77;M;POUTOU;Philippe;1528;1,12;1,38;M;ASSELINEAU;François;871;0,64;0,79;F;ARTHAUD;Nathalie;723;0,53;0,65;M;CHEMINADE;Jacques;226;0,17;0,2
47;Lot-et-Garonne;240931;46805;19,43;194126;80,57;3660;1,52;1,89;1644;0,68;0,85;188822;78,37;97,27;F;LE PEN;Marine;47271;19,62;25,03;M;MACRON;Emmanuel;39253;16,29;20,79;M;MÉLENCHON;Jean-Luc;36018;14,95;19,08;M;FILLON;François;34828;14,46;18,44;M;HAMON;Benoît;10639;4,42;5,63;M;DUPONT-AIGNAN;Nicolas;9407;3,9;4,98;M;LASSALLE;Jean;6083;2,52;3,22;M;POUTOU;Philippe;2292;0,95;1,21;M;ASSELINEAU;François;1660;0,69;0,88;F;ARTHAUD;Nathalie;1044;0,43;0,55;M;CHEMINADE;Jacques;327;0,14;0,17
48;Lozère;59508;9949;16,72;49559;83,28;854;1,44;1,72;558;0,94;1,13;48147;80,91;97,15;M;FILLON;François;10986;18,46;22,82;M;MACRON;Emmanuel;10463;17,58;21,73;M;MÉLENCHON;Jean-Luc;9483;15,94;19,7;F;LE PEN;Marine;9097;15,29;18,89;M;HAMON;Benoît;2733;4,59;5,68;M;DUPONT-AIGNAN;Nicolas;2197;3,69;4,56;M;LASSALLE;Jean;1764;2,96;3,66;M;POUTOU;Philippe;683;1,15;1,42;M;ASSELINEAU;François;354;0,59;0,74;F;ARTHAUD;Nathalie;294;0,49;0,61;M;CHEMINADE;Jacques;93;0,16;0,19
49;Maine-et-Loire;569425;97038;17,04;472387;82,96;9769;1,72;2,07;3662;0,64;0,78;458956;80,6;97,16;M;MACRON;Emmanuel;121685;21,37;26,51;M;FILLON;François;108888;19,12;23,73;M;MÉLENCHON;Jean-Luc;78293;13,75;17,06;F;LE PEN;Marine;77935;13,69;16,98;M;HAMON;Benoît;29553;5,19;6,44;M;DUPONT-AIGNAN;Nicolas;25321;4,45;5,52;M;POUTOU;Philippe;5696;1;1,24;F;ARTHAUD;Nathalie;3860;0,68;0,84;M;LASSALLE;Jean;3483;0,61;0,76;M;ASSELINEAU;François;3439;0,6;0,75;M;CHEMINADE;Jacques;803;0,14;0,17
50;Manche;379104;70202;18,52;308902;81,48;5639;1,49;1,83;2285;0,6;0,74;300978;79,39;97,43;M;MACRON;Emmanuel;74798;19,73;24,85;M;FILLON;François;64992;17,14;21,59;F;LE PEN;Marine;61736;16,28;20,51;M;MÉLENCHON;Jean-Luc;51135;13,49;16,99;M;HAMON;Benoît;19277;5,08;6,4;M;DUPONT-AIGNAN;Nicolas;17102;4,51;5,68;M;POUTOU;Philippe;4146;1,09;1,38;F;ARTHAUD;Nathalie;2595;0,68;0,86;M;LASSALLE;Jean;2524;0,67;0,84;M;ASSELINEAU;François;2050;0,54;0,68;M;CHEMINADE;Jacques;623;0,16;0,21
51;Marne;381693;81261;21,29;300432;78,71;4767;1,25;1,59;1896;0,5;0,63;293769;76,96;97,78;F;LE PEN;Marine;82473;21,61;28,07;M;FILLON;François;65080;17,05;22,15;M;MACRON;Emmanuel;60958;15,97;20,75;M;MÉLENCHON;Jean-Luc;44424;11,64;15,12;M;DUPONT-AIGNAN;Nicolas;16896;4,43;5,75;M;HAMON;Benoît;13683;3,58;4,66;M;POUTOU;Philippe;2762;0,72;0,94;M;ASSELINEAU;François;2441;0,64;0,83;M;LASSALLE;Jean;2351;0,62;0,8;F;ARTHAUD;Nathalie;2176;0,57;0,74;M;CHEMINADE;Jacques;525;0,14;0,18
52;Haute-Marne;134148;28769;21,45;105379;78,55;2120;1,58;2,01;819;0,61;0,78;102440;76,36;97,21;F;LE PEN;Marine;34027;25,37;33,22;M;FILLON;François;19590;14,6;19,12;M;MACRON;Emmanuel;18438;13,74;18;M;MÉLENCHON;Jean-Luc;15380;11,46;15,01;M;DUPONT-AIGNAN;Nicolas;6417;4,78;6,26;M;HAMON;Benoît;4292;3,2;4,19;M;POUTOU;Philippe;1233;0,92;1,2;M;LASSALLE;Jean;1126;0,84;1,1;F;ARTHAUD;Nathalie;926;0,69;0,9;M;ASSELINEAU;François;813;0,61;0,79;M;CHEMINADE;Jacques;198;0,15;0,19
53;Mayenne;222325;36392;16,37;185933;83,63;4111;1,85;2,21;1590;0,72;0,86;180232;81,07;96,93;M;FILLON;François;48772;21,94;27,06;M;MACRON;Emmanuel;46938;21,11;26,04;F;LE PEN;Marine;30465;13,7;16,9;M;MÉLENCHON;Jean-Luc;26798;12,05;14,87;M;HAMON;Benoît;10247;4,61;5,69;M;DUPONT-AIGNAN;Nicolas;10107;4,55;5,61;M;POUTOU;Philippe;2242;1,01;1,24;F;ARTHAUD;Nathalie;1627;0,73;0,9;M;LASSALLE;Jean;1525;0,69;0,85;M;ASSELINEAU;François;1182;0,53;0,66;M;CHEMINADE;Jacques;329;0,15;0,18
54;Meurthe-et-Moselle;495091;106595;21,53;388496;78,47;6469;1,31;1,67;2361;0,48;0,61;379666;76,69;97,73;F;LE PEN;Marine;98194;19,83;25,86;M;MACRON;Emmanuel;83703;16,91;22,05;M;MÉLENCHON;Jean-Luc;77300;15,61;20,36;M;FILLON;François;62654;12,66;16,5;M;HAMON;Benoît;23626;4,77;6,22;M;DUPONT-AIGNAN;Nicolas;19331;3,9;5,09;M;POUTOU;Philippe;4483;0,91;1,18;M;ASSELINEAU;François;3458;0,7;0,91;M;LASSALLE;Jean;3236;0,65;0,85;F;ARTHAUD;Nathalie;2948;0,6;0,78;M;CHEMINADE;Jacques;733;0,15;0,19
55;Meuse;137634;27855;20,24;109779;79,76;1907;1,39;1,74;827;0,6;0,75;107045;77,78;97,51;F;LE PEN;Marine;34602;25,14;32,32;M;MACRON;Emmanuel;20713;15,05;19,35;M;FILLON;François;19287;14,01;18,02;M;MÉLENCHON;Jean-Luc;16020;11,64;14,97;M;DUPONT-AIGNAN;Nicolas;6802;4,94;6,35;M;HAMON;Benoît;4918;3,57;4,59;M;POUTOU;Philippe;1430;1,04;1,34;M;LASSALLE;Jean;1294;0,94;1,21;F;ARTHAUD;Nathalie;886;0,64;0,83;M;ASSELINEAU;François;856;0,62;0,8;M;CHEMINADE;Jacques;237;0,17;0,22
56;Morbihan;577012;96113;16,66;480899;83,34;8518;1,48;1,77;3546;0,61;0,74;468835;81,25;97,49;M;MACRON;Emmanuel;130639;22,64;27,86;M;FILLON;François;97900;16,97;20,88;F;LE PEN;Marine;82927;14,37;17,69;M;MÉLENCHON;Jean-Luc;82020;14,21;17,49;M;HAMON;Benoît;34368;5,96;7,33;M;DUPONT-AIGNAN;Nicolas;22411;3,88;4,78;M;POUTOU;Philippe;6309;1,09;1,35;M;LASSALLE;Jean;4820;0,84;1,03;F;ARTHAUD;Nathalie;3291;0,57;0,7;M;ASSELINEAU;François;3249;0,56;0,69;M;CHEMINADE;Jacques;901;0,16;0,19
57;Moselle;751271;177501;23,63;573770;76,37;11146;1,48;1,94;3398;0,45;0,59;559226;74,44;97,47;F;LE PEN;Marine;158552;21,1;28,35;M;MACRON;Emmanuel;117738;15,67;21,05;M;MÉLENCHON;Jean-Luc;100117;13,33;17,9;M;FILLON;François;96003;12,78;17,17;M;DUPONT-AIGNAN;Nicolas;32525;4,33;5,82;M;HAMON;Benoît;29480;3,92;5,27;M;POUTOU;Philippe;6975;0,93;1,25;M;ASSELINEAU;François;5977;0,8;1,07;M;LASSALLE;Jean;5763;0,77;1,03;F;ARTHAUD;Nathalie;4929;0,66;0,88;M;CHEMINADE;Jacques;1167;0,16;0,21
58;Nièvre;159426;35468;22,25;123958;77,75;2533;1,59;2,04;1011;0,63;0,82;120414;75,53;97,14;F;LE PEN;Marine;29815;18,7;24,76;M;MACRON;Emmanuel;27354;17,16;22,72;M;MÉLENCHON;Jean-Luc;23077;14,48;19,16;M;FILLON;François;20771;13,03;17,25;M;HAMON;Benoît;7852;4,93;6,52;M;DUPONT-AIGNAN;Nicolas;6443;4,04;5,35;M;POUTOU;Philippe;1545;0,97;1,28;M;LASSALLE;Jean;1363;0,85;1,13;F;ARTHAUD;Nathalie;1002;0,63;0,83;M;ASSELINEAU;François;958;0,6;0,8;M;CHEMINADE;Jacques;234;0,15;0,19
59;Nord;1804668;417073;23,11;1387595;76,89;24060;1,33;1,73;9732;0,54;0,7;1353803;75,02;97,56;F;LE PEN;Marine;382030;21,17;28,22;M;MÉLENCHON;Jean-Luc;288115;15,96;21,28;M;MACRON;Emmanuel;268723;14,89;19,85;M;FILLON;François;226710;12,56;16,75;M;HAMON;Benoît;76531;4,24;5,65;M;DUPONT-AIGNAN;Nicolas;65245;3,62;4,82;M;POUTOU;Philippe;13151;0,73;0,97;M;ASSELINEAU;François;11450;0,63;0,85;F;ARTHAUD;Nathalie;10975;0,61;0,81;M;LASSALLE;Jean;8535;0,47;0,63;M;CHEMINADE;Jacques;2338;0,13;0,17
60;Oise;562085;113254;20,15;448831;79,85;8040;1,43;1,79;2998;0,53;0,67;437793;77,89;97,54;F;LE PEN;Marine;135176;24,05;30,88;M;MACRON;Emmanuel;86682;15,42;19,8;M;MÉLENCHON;Jean-Luc;77415;13,77;17,68;M;FILLON;François;76783;13,66;17,54;M;DUPONT-AIGNAN;Nicolas;23936;4,26;5,47;M;HAMON;Benoît;20534;3,65;4,69;M;POUTOU;Philippe;4683;0,83;1,07;M;ASSELINEAU;François;4666;0,83;1,07;F;ARTHAUD;Nathalie;3677;0,65;0,84;M;LASSALLE;Jean;3414;0,61;0,78;M;CHEMINADE;Jacques;827;0,15;0,19
61;Orne;208734;38340;18,37;170394;81,63;3176;1,52;1,86;1161;0,56;0,68;166057;79,55;97,45;M;FILLON;François;41084;19,68;24,74;F;LE PEN;Marine;39532;18,94;23,81;M;MACRON;Emmanuel;35815;17,16;21,57;M;MÉLENCHON;Jean-Luc;24542;11,76;14,78;M;DUPONT-AIGNAN;Nicolas;9644;4,62;5,81;M;HAMON;Benoît;8659;4,15;5,21;M;POUTOU;Philippe;2147;1,03;1,29;F;ARTHAUD;Nathalie;1513;0,72;0,91;M;LASSALLE;Jean;1480;0,71;0,89;M;ASSELINEAU;François;1291;0,62;0,78;M;CHEMINADE;Jacques;350;0,17;0,21
62;Pas-de-Calais;1090368;234194;21,48;856174;78,52;15351;1,41;1,79;7671;0,7;0,9;833152;76,41;97,31;F;LE PEN;Marine;286147;26,24;34,35;M;MÉLENCHON;Jean-Luc;159342;14,61;19,13;M;MACRON;Emmanuel;153682;14,09;18,45;M;FILLON;François;119077;10,92;14,29;M;HAMON;Benoît;43084;3,95;5,17;M;DUPONT-AIGNAN;Nicolas;41427;3,8;4,97;M;POUTOU;Philippe;9002;0,83;1,08;F;ARTHAUD;Nathalie;8667;0,79;1,04;M;LASSALLE;Jean;5832;0,53;0,7;M;ASSELINEAU;François;5484;0,5;0,66;M;CHEMINADE;Jacques;1408;0,13;0,17
63;Puy-de-Dôme;460939;93325;20,25;367614;79,75;7751;1,68;2,11;3286;0,71;0,89;356577;77,36;97;M;MACRON;Emmanuel;96797;21;27,15;M;MÉLENCHON;Jean-Luc;78417;17,01;21,99;F;LE PEN;Marine;63030;13,67;17,68;M;FILLON;François;58432;12,68;16,39;M;HAMON;Benoît;25814;5,6;7,24;M;DUPONT-AIGNAN;Nicolas;15645;3,39;4,39;M;LASSALLE;Jean;7348;1,59;2,06;M;POUTOU;Philippe;4730;1,03;1,33;M;ASSELINEAU;François;2910;0,63;0,82;F;ARTHAUD;Nathalie;2699;0,59;0,76;M;CHEMINADE;Jacques;755;0,16;0,21
64;Pyrénées-Atlantiques;502378;97357;19,38;405021;80,62;6685;1,33;1,65;2683;0,53;0,66;395653;78,76;97,69;M;MACRON;Emmanuel;103958;20,69;26,28;M;MÉLENCHON;Jean-Luc;78803;15,69;19,92;M;FILLON;François;71858;14,3;18,16;F;LE PEN;Marine;54376;10,82;13,74;M;HAMON;Benoît;30589;6,09;7,73;M;LASSALLE;Jean;29882;5,95;7,55;M;DUPONT-AIGNAN;Nicolas;14727;2,93;3,72;M;POUTOU;Philippe;6371;1,27;1,61;M;ASSELINEAU;François;2782;0,55;0,7;F;ARTHAUD;Nathalie;1799;0,36;0,45;M;CHEMINADE;Jacques;508;0,1;0,13
65;Hautes-Pyrénées;177498;34243;19,29;143255;80,71;2420;1,36;1,69;1294;0,73;0,9;139541;78,62;97,41;M;MACRON;Emmanuel;35002;19,72;25,08;M;MÉLENCHON;Jean-Luc;32095;18,08;23;F;LE PEN;Marine;25930;14,61;18,58;M;FILLON;François;20225;11,39;14,49;M;HAMON;Benoît;9926;5,59;7,11;M;LASSALLE;Jean;6928;3,9;4,96;M;DUPONT-AIGNAN;Nicolas;5868;3,31;4,21;M;POUTOU;Philippe;1578;0,89;1,13;M;ASSELINEAU;François;1023;0,58;0,73;F;ARTHAUD;Nathalie;766;0,43;0,55;M;CHEMINADE;Jacques;200;0,11;0,14
66;Pyrénées-Orientales;347914;73984;21,27;273930;78,73;4563;1,31;1,67;2580;0,74;0,94;266787;76,68;97,39;F;LE PEN;Marine;80169;23,04;30,05;M;MÉLENCHON;Jean-Luc;56392;16,21;21,14;M;MACRON;Emmanuel;49245;14,15;18,46;M;FILLON;François;45865;13,18;17,19;M;HAMON;Benoît;13455;3,87;5,04;M;DUPONT-AIGNAN;Nicolas;9741;2,8;3,65;M;LASSALLE;Jean;4634;1,33;1,74;M;POUTOU;Philippe;3053;0,88;1,14;M;ASSELINEAU;François;2303;0,66;0,86;F;ARTHAUD;Nathalie;1477;0,42;0,55;M;CHEMINADE;Jacques;453;0,13;0,17
67;Bas-Rhin;766548;154353;20,14;612195;79,86;9796;1,28;1,6;4613;0,6;0,75;597786;77,98;97,65;F;LE PEN;Marine;147595;19,25;24,69;M;MACRON;Emmanuel;133254;17,38;22,29;M;FILLON;François;131495;17,15;22;M;MÉLENCHON;Jean-Luc;88376;11,53;14,78;M;DUPONT-AIGNAN;Nicolas;39253;5,12;6,57;M;HAMON;Benoît;31953;4,17;5,35;M;ASSELINEAU;François;6837;0,89;1,14;M;POUTOU;Philippe;6553;0,85;1,1;M;LASSALLE;Jean;6419;0,84;1,07;F;ARTHAUD;Nathalie;4845;0,63;0,81;M;CHEMINADE;Jacques;1206;0,16;0,2
68;Haut-Rhin;526189;110395;20,98;415794;79,02;9073;1,72;2,18;2811;0,53;0,68;403910;76,76;97,14;F;LE PEN;Marine;109704;20,85;27,16;M;FILLON;François;90237;17,15;22,34;M;MACRON;Emmanuel;79798;15,17;19,76;M;MÉLENCHON;Jean-Luc;57856;11;14,32;M;DUPONT-AIGNAN;Nicolas;28562;5,43;7,07;M;HAMON;Benoît;18694;3,55;4,63;M;ASSELINEAU;François;5217;0,99;1,29;M;LASSALLE;Jean;5004;0,95;1,24;M;POUTOU;Philippe;4727;0,9;1,17;F;ARTHAUD;Nathalie;3101;0,59;0,77;M;CHEMINADE;Jacques;1010;0,19;0,25
69;Rhône;1155668;249139;21,56;906529;78,44;10643;0,92;1,17;7402;0,64;0,82;888484;76,88;98,01;M;MACRON;Emmanuel;236151;20,43;26,58;M;FILLON;François;205651;17,79;23,15;M;MÉLENCHON;Jean-Luc;175111;15,15;19,71;F;LE PEN;Marine;144485;12,5;16,26;M;HAMON;Benoît;60113;5,2;6,77;M;DUPONT-AIGNAN;Nicolas;38426;3,33;4,32;M;ASSELINEAU;François;9187;0,79;1,03;M;POUTOU;Philippe;7150;0,62;0,8;M;LASSALLE;Jean;6702;0,58;0,75;F;ARTHAUD;Nathalie;4064;0,35;0,46;M;CHEMINADE;Jacques;1444;0,12;0,16
70;Haute-Saône;179214;34976;19,52;144238;80,48;2820;1,57;1,96;1896;1,06;1,31;139522;77,85;96,73;F;LE PEN;Marine;43753;24,41;31,36;M;MACRON;Emmanuel;27332;15,25;19,59;M;FILLON;François;25184;14,05;18,05;M;MÉLENCHON;Jean-Luc;22150;12,36;15,88;M;DUPONT-AIGNAN;Nicolas;8176;4,56;5,86;M;HAMON;Benoît;6596;3,68;4,73;M;POUTOU;Philippe;2021;1,13;1,45;M;LASSALLE;Jean;1512;0,84;1,08;F;ARTHAUD;Nathalie;1325;0,74;0,95;M;ASSELINEAU;François;1206;0,67;0,86;M;CHEMINADE;Jacques;267;0,15;0,19
71;Saône-et-Loire;406418;86755;21,35;319663;78,65;6844;1,68;2,14;2870;0,71;0,9;309949;76,26;96,96;F;LE PEN;Marine;75257;18,52;24,28;M;MACRON;Emmanuel;69212;17,03;22,33;M;FILLON;François;60100;14,79;19,39;M;MÉLENCHON;Jean-Luc;55249;13,59;17,83;M;HAMON;Benoît;19184;4,72;6,19;M;DUPONT-AIGNAN;Nicolas;18961;4,67;6,12;M;POUTOU;Philippe;3588;0,88;1,16;M;LASSALLE;Jean;3153;0,78;1,02;M;ASSELINEAU;François;2535;0,62;0,82;F;ARTHAUD;Nathalie;2201;0,54;0,71;M;CHEMINADE;Jacques;509;0,13;0,16
72;Sarthe;405440;73578;18,15;331862;81,85;7288;1,8;2,2;2132;0,53;0,64;322442;79,53;97,16;M;FILLON;François;92261;22,76;28,61;F;LE PEN;Marine;67082;16,55;20,8;M;MACRON;Emmanuel;64617;15,94;20,04;M;MÉLENCHON;Jean-Luc;56851;14,02;17,63;M;HAMON;Benoît;17195;4,24;5,33;M;DUPONT-AIGNAN;Nicolas;13657;3,37;4,24;M;POUTOU;Philippe;3565;0,88;1,11;F;ARTHAUD;Nathalie;2452;0,6;0,76;M;LASSALLE;Jean;2141;0,53;0,66;M;ASSELINEAU;François;2074;0,51;0,64;M;CHEMINADE;Jacques;547;0,13;0,17
73;Savoie;310256;62767;20,23;247489;79,77;4226;1,36;1,71;1704;0,55;0,69;241559;77,86;97,6;M;MACRON;Emmanuel;55871;18,01;23,13;F;LE PEN;Marine;52448;16,9;21,71;M;FILLON;François;50815;16,38;21,04;M;MÉLENCHON;Jean-Luc;45013;14,51;18,63;M;HAMON;Benoît;13752;4,43;5,69;M;DUPONT-AIGNAN;Nicolas;13673;4,41;5,66;M;LASSALLE;Jean;3152;1,02;1,3;M;ASSELINEAU;François;2608;0,84;1,08;M;POUTOU;Philippe;2578;0,83;1,07;F;ARTHAUD;Nathalie;1219;0,39;0,5;M;CHEMINADE;Jacques;430;0,14;0,18
74;Haute-Savoie;540031;116267;21,53;423764;78,47;7726;1,43;1,82;2551;0,47;0,6;413487;76,57;97,57;M;FILLON;François;105050;19,45;25,41;M;MACRON;Emmanuel;100174;18,55;24,23;F;LE PEN;Marine;77918;14,43;18,84;M;MÉLENCHON;Jean-Luc;67077;12,42;16,22;M;DUPONT-AIGNAN;Nicolas;24784;4,59;5,99;M;HAMON;Benoît;21805;4,04;5,27;M;ASSELINEAU;François;5021;0,93;1,21;M;LASSALLE;Jean;4649;0,86;1,12;M;POUTOU;Philippe;4263;0,79;1,03;F;ARTHAUD;Nathalie;1919;0,36;0,46;M;CHEMINADE;Jacques;827;0,15;0,2
75;Paris;1301637;210200;16,15;1091437;83,85;10627;0,82;0,97;4253;0,33;0,39;1076557;82,71;98,64;M;MACRON;Emmanuel;375006;28,81;34,83;M;FILLON;François;284744;21,88;26,45;M;MÉLENCHON;Jean-Luc;210548;16,18;19,56;M;HAMON;Benoît;109550;8,42;10,18;F;LE PEN;Marine;53719;4,13;4,99;M;DUPONT-AIGNAN;Nicolas;17997;1,38;1,67;M;ASSELINEAU;François;8335;0,64;0,77;M;POUTOU;Philippe;6799;0,52;0,63;M;LASSALLE;Jean;5490;0,42;0,51;F;ARTHAUD;Nathalie;2897;0,22;0,27;M;CHEMINADE;Jacques;1472;0,11;0,14
76;Seine-Maritime;881658;177294;20,11;704364;79,89;14085;1,6;2;3753;0,43;0,53;686526;77,87;97,47;F;LE PEN;Marine;170945;19,39;24,9;M;MÉLENCHON;Jean-Luc;152394;17,28;22,2;M;MACRON;Emmanuel;145756;16,53;21,23;M;FILLON;François;118336;13,42;17,24;M;HAMON;Benoît;41516;4,71;6,05;M;DUPONT-AIGNAN;Nicolas;33036;3,75;4,81;M;POUTOU;Philippe;8321;0,94;1,21;F;ARTHAUD;Nathalie;5356;0,61;0,78;M;ASSELINEAU;François;5205;0,59;0,76;M;LASSALLE;Jean;4383;0,5;0,64;M;CHEMINADE;Jacques;1278;0,14;0,19
77;Seine-et-Marne;881558;183302;20,79;698256;79,21;13074;1,48;1,87;4289;0,49;0,61;680893;77,24;97,51;M;MACRON;Emmanuel;157373;17,85;23,11;F;LE PEN;Marine;155609;17,65;22,85;M;MÉLENCHON;Jean-Luc;141867;16,09;20,84;M;FILLON;François;121045;13,73;17,78;M;DUPONT-AIGNAN;Nicolas;41528;4,71;6,1;M;HAMON;Benoît;38782;4,4;5,7;M;ASSELINEAU;François;8197;0,93;1,2;M;POUTOU;Philippe;6354;0,72;0,93;M;LASSALLE;Jean;5185;0,59;0,76;F;ARTHAUD;Nathalie;3706;0,42;0,54;M;CHEMINADE;Jacques;1247;0,14;0,18
78;Yvelines;951148;177485;18,66;773663;81,34;10841;1,14;1,4;3896;0,41;0,5;758926;79,79;98,1;M;MACRON;Emmanuel;219061;23,03;28,86;M;FILLON;François;206835;21,75;27,25;M;MÉLENCHON;Jean-Luc;126340;13,28;16,65;F;LE PEN;Marine;98024;10,31;12,92;M;HAMON;Benoît;52564;5,53;6,93;M;DUPONT-AIGNAN;Nicolas;32906;3,46;4,34;M;ASSELINEAU;François;8147;0,86;1,07;M;POUTOU;Philippe;5448;0,57;0,72;M;LASSALLE;Jean;5371;0,56;0,71;F;ARTHAUD;Nathalie;2872;0,3;0,38;M;CHEMINADE;Jacques;1358;0,14;0,18
79;Deux-Sèvres;272404;50961;18,71;221443;81,29;4631;1,7;2,09;2414;0,89;1,09;214398;78,71;96,82;M;MACRON;Emmanuel;57826;21,23;26,97;M;MÉLENCHON;Jean-Luc;41609;15,27;19,41;M;FILLON;François;40195;14,76;18,75;F;LE PEN;Marine;38640;14,18;18,02;M;HAMON;Benoît;14950;5,49;6,97;M;DUPONT-AIGNAN;Nicolas;11356;4,17;5,3;M;POUTOU;Philippe;3483;1,28;1,62;M;LASSALLE;Jean;2599;0,95;1,21;F;ARTHAUD;Nathalie;1869;0,69;0,87;M;ASSELINEAU;François;1478;0,54;0,69;M;CHEMINADE;Jacques;393;0,14;0,18
80;Somme;409014;80489;19,68;328525;80,32;6124;1,5;1,86;2765;0,68;0,84;319636;78,15;97,29;F;LE PEN;Marine;97081;23,74;30,37;M;MACRON;Emmanuel;69520;17;21,75;M;MÉLENCHON;Jean-Luc;59491;14,54;18,61;M;FILLON;François;51834;12,67;16,22;M;DUPONT-AIGNAN;Nicolas;15462;3,78;4,84;M;HAMON;Benoît;14260;3,49;4,46;M;POUTOU;Philippe;3661;0,9;1,15;F;ARTHAUD;Nathalie;3111;0,76;0,97;M;LASSALLE;Jean;2365;0,58;0,74;M;ASSELINEAU;François;2272;0,56;0,71;M;CHEMINADE;Jacques;579;0,14;0,18
81;Tarn;291194;50507;17,34;240687;82,66;4296;1,48;1,78;2634;0,9;1,09;233757;80,28;97,12;F;LE PEN;Marine;52402;18;22,42;M;MACRON;Emmanuel;51755;17,77;22,14;M;MÉLENCHON;Jean-Luc;48094;16,52;20,57;M;FILLON;François;41052;14,1;17,56;M;HAMON;Benoît;15530;5,33;6,64;M;DUPONT-AIGNAN;Nicolas;11440;3,93;4,89;M;LASSALLE;Jean;7105;2,44;3,04;M;POUTOU;Philippe;2721;0,93;1,16;M;ASSELINEAU;François;1822;0,63;0,78;F;ARTHAUD;Nathalie;1397;0,48;0,6;M;CHEMINADE;Jacques;439;0,15;0,19
82;Tarn-et-Garonne;183350;32631;17,8;150719;82,2;2551;1,39;1,69;1367;0,75;0,91;146801;80,07;97,4;F;LE PEN;Marine;39183;21,37;26,69;M;MACRON;Emmanuel;30319;16,54;20,65;M;MÉLENCHON;Jean-Luc;27841;15,18;18,97;M;FILLON;François;25992;14,18;17,71;M;HAMON;Benoît;8567;4,67;5,84;M;DUPONT-AIGNAN;Nicolas;7233;3,94;4,93;M;LASSALLE;Jean;3660;2;2,49;M;POUTOU;Philippe;1573;0,86;1,07;M;ASSELINEAU;François;1337;0,73;0,91;F;ARTHAUD;Nathalie;830;0,45;0,57;M;CHEMINADE;Jacques;266;0,15;0,18
83;Var;794777;169107;21,28;625670;78,72;9858;1,24;1,58;3374;0,42;0,54;612438;77,06;97,89;F;LE PEN;Marine;186376;23,45;30,43;M;FILLON;François;152316;19,16;24,87;M;MACRON;Emmanuel;108597;13,66;17,73;M;MÉLENCHON;Jean-Luc;94184;11,85;15,38;M;DUPONT-AIGNAN;Nicolas;29177;3,67;4,76;M;HAMON;Benoît;21089;2,65;3,44;M;LASSALLE;Jean;6933;0,87;1,13;M;ASSELINEAU;François;5860;0,74;0,96;M;POUTOU;Philippe;4655;0,59;0,76;F;ARTHAUD;Nathalie;2274;0,29;0,37;M;CHEMINADE;Jacques;977;0,12;0,16
84;Vaucluse;402134;80585;20,04;321549;79,96;5589;1,39;1,74;1915;0,48;0,6;314045;78,09;97,67;F;LE PEN;Marine;95937;23,86;30,55;M;MÉLENCHON;Jean-Luc;60856;15,13;19,38;M;FILLON;François;59546;14,81;18,96;M;MACRON;Emmanuel;58135;14,46;18,51;M;DUPONT-AIGNAN;Nicolas;14427;3,59;4,59;M;HAMON;Benoît;13532;3,37;4,31;M;LASSALLE;Jean;3986;0,99;1,27;M;ASSELINEAU;François;2888;0,72;0,92;M;POUTOU;Philippe;2805;0,7;0,89;F;ARTHAUD;Nathalie;1390;0,35;0,44;M;CHEMINADE;Jacques;543;0,14;0,17
85;Vendée;514461;82887;16,11;431574;83,89;8280;1,61;1,92;4465;0,87;1,03;418829;81,41;97,05;M;MACRON;Emmanuel;109989;21,38;26,26;M;FILLON;François;106804;20,76;25,5;F;LE PEN;Marine;77590;15,08;18,53;M;MÉLENCHON;Jean-Luc;63155;12,28;15,08;M;DUPONT-AIGNAN;Nicolas;24211;4,71;5,78;M;HAMON;Benoît;21356;4,15;5,1;M;POUTOU;Philippe;5219;1,01;1,25;M;LASSALLE;Jean;3810;0,74;0,91;F;ARTHAUD;Nathalie;3294;0,64;0,79;M;ASSELINEAU;François;2705;0,53;0,65;M;CHEMINADE;Jacques;696;0,14;0,17
86;Vienne;307014;62127;20,24;244887;79,76;4741;1,54;1,94;2398;0,78;0,98;237748;77,44;97,08;M;MACRON;Emmanuel;59146;19,26;24,88;M;MÉLENCHON;Jean-Luc;49061;15,98;20,64;F;LE PEN;Marine;47024;15,32;19,78;M;FILLON;François;42703;13,91;17,96;M;HAMON;Benoît;16861;5,49;7,09;M;DUPONT-AIGNAN;Nicolas;11920;3,88;5,01;M;POUTOU;Philippe;3642;1,19;1,53;M;LASSALLE;Jean;2861;0,93;1,2;F;ARTHAUD;Nathalie;2074;0,68;0,87;M;ASSELINEAU;François;1896;0,62;0,8;M;CHEMINADE;Jacques;560;0,18;0,24
87;Haute-Vienne;266322;50620;19,01;215702;80,99;4478;1,68;2,08;2810;1,06;1,3;208414;78,26;96,62;M;MACRON;Emmanuel;55577;20,87;26,67;M;MÉLENCHON;Jean-Luc;46549;17,48;22,33;F;LE PEN;Marine;37937;14,24;18,2;M;FILLON;François;32521;12,21;15,6;M;HAMON;Benoît;16136;6,06;7,74;M;DUPONT-AIGNAN;Nicolas;9285;3,49;4,46;M;LASSALLE;Jean;3518;1,32;1,69;M;POUTOU;Philippe;3044;1,14;1,46;F;ARTHAUD;Nathalie;1850;0,69;0,89;M;ASSELINEAU;François;1557;0,58;0,75;M;CHEMINADE;Jacques;440;0,17;0,21
88;Vosges;282612;56393;19,95;226219;80,05;4720;1,67;2,09;1997;0,71;0,88;219502;77,67;97,03;F;LE PEN;Marine;63924;22,62;29,12;M;MACRON;Emmanuel;43604;15,43;19,86;M;FILLON;François;39579;14;18,03;M;MÉLENCHON;Jean-Luc;36524;12,92;16,64;M;DUPONT-AIGNAN;Nicolas;14323;5,07;6,53;M;HAMON;Benoît;10887;3,85;4,96;M;POUTOU;Philippe;3229;1,14;1,47;M;LASSALLE;Jean;2750;0,97;1,25;M;ASSELINEAU;François;2223;0,79;1,01;F;ARTHAUD;Nathalie;2004;0,71;0,91;M;CHEMINADE;Jacques;455;0,16;0,21
89;Yonne;241918;52739;21,8;189179;78,2;3404;1,41;1,8;1222;0,51;0,65;184553;76,29;97,55;F;LE PEN;Marine;52640;21,76;28,52;M;FILLON;François;36739;15,19;19,91;M;MACRON;Emmanuel;36234;14,98;19,63;M;MÉLENCHON;Jean-Luc;30815;12,74;16,7;M;DUPONT-AIGNAN;Nicolas;11668;4,82;6,32;M;HAMON;Benoît;8846;3,66;4,79;M;POUTOU;Philippe;2128;0,88;1,15;M;LASSALLE;Jean;1987;0,82;1,08;M;ASSELINEAU;François;1775;0,73;0,96;F;ARTHAUD;Nathalie;1380;0,57;0,75;M;CHEMINADE;Jacques;341;0,14;0,18
90;Territoire de Belfort;95340;21608;22,66;73732;77,34;1400;1,47;1,9;758;0,8;1,03;71574;75,07;97,07;F;LE PEN;Marine;19249;20,19;26,89;M;MACRON;Emmanuel;14772;15,49;20,64;M;MÉLENCHON;Jean-Luc;13672;14,34;19,1;M;FILLON;François;12668;13,29;17,7;M;HAMON;Benoît;4189;4,39;5,85;M;DUPONT-AIGNAN;Nicolas;3770;3,95;5,27;M;ASSELINEAU;François;941;0,99;1,31;M;POUTOU;Philippe;886;0,93;1,24;M;LASSALLE;Jean;668;0,7;0,93;F;ARTHAUD;Nathalie;592;0,62;0,83;M;CHEMINADE;Jacques;167;0,18;0,23
91;Essonne;795227;157440;19,8;637787;80,2;10240;1,29;1,61;4065;0,51;0,64;623482;78,4;97,76;M;MACRON;Emmanuel;163389;20,55;26,21;M;MÉLENCHON;Jean-Luc;136392;17,15;21,88;M;FILLON;François;112474;14,14;18,04;F;LE PEN;Marine;102461;12,88;16,43;M;DUPONT-AIGNAN;Nicolas;44792;5,63;7,18;M;HAMON;Benoît;42072;5,29;6,75;M;ASSELINEAU;François;7514;0,94;1,21;M;POUTOU;Philippe;5755;0,72;0,92;M;LASSALLE;Jean;4468;0,56;0,72;F;ARTHAUD;Nathalie;2924;0,37;0,47;M;CHEMINADE;Jacques;1241;0,16;0,2
92;Hauts-de-Seine;986730;176715;17,91;810015;82,09;12689;1,29;1,57;2568;0,26;0,32;794758;80,54;98,12;M;MACRON;Emmanuel;256687;26,01;32,3;M;FILLON;François;231553;23,47;29,14;M;MÉLENCHON;Jean-Luc;145289;14,72;18,28;F;LE PEN;Marine;60731;6,15;7,64;M;HAMON;Benoît;57114;5,79;7,19;M;DUPONT-AIGNAN;Nicolas;21359;2,16;2,69;M;ASSELINEAU;François;8453;0,86;1,06;M;POUTOU;Philippe;5033;0,51;0,63;M;LASSALLE;Jean;4747;0,48;0,6;F;ARTHAUD;Nathalie;2447;0,25;0,31;M;CHEMINADE;Jacques;1345;0,14;0,17
93;Seine-Saint-Denis;766302;210699;27,5;555603;72,5;10304;1,34;1,85;4422;0,58;0,8;540877;70,58;97,35;M;MÉLENCHON;Jean-Luc;184037;24,02;34,03;M;MACRON;Emmanuel;130031;16,97;24,04;F;LE PEN;Marine;73456;9,59;13,58;M;FILLON;François;69018;9,01;12,76;M;HAMON;Benoît;45488;5,94;8,41;M;DUPONT-AIGNAN;Nicolas;16583;2,16;3,07;M;ASSELINEAU;François;8731;1,14;1,61;M;POUTOU;Philippe;6048;0,79;1,12;F;ARTHAUD;Nathalie;3238;0,42;0,6;M;LASSALLE;Jean;3159;0,41;0,58;M;CHEMINADE;Jacques;1088;0,14;0,2
94;Val-de-Marne;785540;164068;20,89;621472;79,11;9925;1,26;1,6;3760;0,48;0,61;607787;77,37;97,8;M;MACRON;Emmanuel;172202;21,92;28,33;M;MÉLENCHON;Jean-Luc;149112;18,98;24,53;M;FILLON;François;122814;15,63;20,21;F;LE PEN;Marine;69878;8,9;11,5;M;HAMON;Benoît;47228;6,01;7,77;M;DUPONT-AIGNAN;Nicolas;26252;3,34;4,32;M;ASSELINEAU;François;7303;0,93;1,2;M;POUTOU;Philippe;5226;0,67;0,86;M;LASSALLE;Jean;3957;0,5;0,65;F;ARTHAUD;Nathalie;2749;0,35;0,45;M;CHEMINADE;Jacques;1066;0,14;0,18
95;Val-d'Oise;730497;167560;22,94;562937;77,06;10090;1,38;1,79;3688;0,5;0,66;549159;75,18;97,55;M;MACRON;Emmanuel;138993;19,03;25,31;M;MÉLENCHON;Jean-Luc;131635;18,02;23,97;M;FILLON;François;101242;13,86;18,44;F;LE PEN;Marine;94384;12,92;17,19;M;HAMON;Benoît;37588;5,15;6,84;M;DUPONT-AIGNAN;Nicolas;24831;3,4;4,52;M;ASSELINEAU;François;7715;1,06;1,4;M;POUTOU;Philippe;5050;0,69;0,92;M;LASSALLE;Jean;3980;0,54;0,72;F;ARTHAUD;Nathalie;2762;0,38;0,5;M;CHEMINADE;Jacques;979;0,13;0,18
ZA;Guadeloupe;316345;189694;59,96;126651;40,04;5648;1,79;4,46;8510;2,69;6,72;112493;35,56;88,82;M;MACRON;Emmanuel;33992;10,75;30,22;M;MÉLENCHON;Jean-Luc;27139;8,58;24,13;M;FILLON;François;16337;5,16;14,52;F;LE PEN;Marine;15203;4,81;13,51;M;HAMON;Benoît;11188;3,54;9,95;M;POUTOU;Philippe;2308;0,73;2,05;M;DUPONT-AIGNAN;Nicolas;2042;0,65;1,82;F;ARTHAUD;Nathalie;1980;0,63;1,76;M;ASSELINEAU;François;1319;0,42;1,17;M;LASSALLE;Jean;658;0,21;0,58;M;CHEMINADE;Jacques;327;0,1;0,29
ZB;Martinique;310812;186855;60,12;123957;39,88;8132;2,62;6,56;6345;2,04;5,12;109480;35,22;88,32;M;MÉLENCHON;Jean-Luc;29958;9,64;27,36;M;MACRON;Emmanuel;27951;8,99;25,53;M;FILLON;François;18444;5,93;16,85;F;LE PEN;Marine;11975;3,85;10,94;M;HAMON;Benoît;10673;3,43;9,75;M;POUTOU;Philippe;3230;1,04;2,95;M;DUPONT-AIGNAN;Nicolas;2340;0,75;2,14;F;ARTHAUD;Nathalie;2257;0,73;2,06;M;ASSELINEAU;François;1407;0,45;1,29;M;LASSALLE;Jean;871;0,28;0,8;M;CHEMINADE;Jacques;374;0,12;0,34
ZC;Guyane;92035;60110;65,31;31925;34,69;3747;4,07;11,74;1344;1,46;4,21;26834;29,16;84,05;M;MÉLENCHON;Jean-Luc;6633;7,21;24,72;F;LE PEN;Marine;6519;7,08;24,29;M;MACRON;Emmanuel;5031;5,47;18,75;M;FILLON;François;3934;4,27;14,66;M;HAMON;Benoît;1528;1,66;5,69;M;POUTOU;Philippe;1405;1,53;5,24;M;ASSELINEAU;François;480;0,52;1,79;M;DUPONT-AIGNAN;Nicolas;471;0,51;1,76;F;ARTHAUD;Nathalie;462;0,5;1,72;M;LASSALLE;Jean;273;0,3;1,02;M;CHEMINADE;Jacques;98;0,11;0,37
ZD;La Réunion;639481;264229;41,32;375252;58,68;11468;1,79;3,06;13305;2,08;3,55;350479;54,81;93,4;M;MÉLENCHON;Jean-Luc;85987;13,45;24,53;F;LE PEN;Marine;82219;12,86;23,46;M;MACRON;Emmanuel;66292;10,37;18,91;M;FILLON;François;60508;9,46;17,26;M;HAMON;Benoît;26872;4,2;7,67;M;DUPONT-AIGNAN;Nicolas;10123;1,58;2,89;M;ASSELINEAU;François;6029;0,94;1,72;F;ARTHAUD;Nathalie;5190;0,81;1,48;M;POUTOU;Philippe;4376;0,68;1,25;M;LASSALLE;Jean;1939;0,3;0,55;M;CHEMINADE;Jacques;944;0,15;0,27
ZM;Mayotte;83045;46872;56,44;36173;43,56;960;1,16;2,65;1744;2,1;4,82;33469;40,3;92,52;M;FILLON;François;10912;13,14;32,6;F;LE PEN;Marine;9130;10,99;27,28;M;MACRON;Emmanuel;6403;7,71;19,13;M;MÉLENCHON;Jean-Luc;2808;3,38;8,39;M;HAMON;Benoît;1454;1,75;4,34;M;DUPONT-AIGNAN;Nicolas;1030;1,24;3,08;M;POUTOU;Philippe;629;0,76;1,88;M;ASSELINEAU;François;411;0,49;1,23;F;ARTHAUD;Nathalie;336;0,4;1;M;LASSALLE;Jean;190;0,23;0,57;M;CHEMINADE;Jacques;166;0,2;0,5
ZN;Nouvelle-Calédonie;189483;98257;51,86;91226;48,14;2969;1,57;3,25;1311;0,69;1,44;86946;45,89;95,31;M;FILLON;François;27065;14,28;31,13;F;LE PEN;Marine;25290;13,35;29,09;M;MACRON;Emmanuel;11089;5,85;12,75;M;HAMON;Benoît;8125;4,29;9,34;M;MÉLENCHON;Jean-Luc;7703;4,07;8,86;M;DUPONT-AIGNAN;Nicolas;2521;1,33;2,9;M;ASSELINEAU;François;2098;1,11;2,41;M;POUTOU;Philippe;1284;0,68;1,48;F;ARTHAUD;Nathalie;836;0,44;0,96;M;LASSALLE;Jean;695;0,37;0,8;M;CHEMINADE;Jacques;240;0,13;0,28
ZP;Polynésie française;203936;124515;61,06;79421;38,94;1754;0,86;2,21;2038;1;2,57;75629;37,08;95,23;M;FILLON;François;26683;13,08;35,28;F;LE PEN;Marine;24599;12,06;32,53;M;MACRON;Emmanuel;11128;5,46;14,71;M;MÉLENCHON;Jean-Luc;5951;2,92;7,87;M;HAMON;Benoît;2203;1,08;2,91;M;DUPONT-AIGNAN;Nicolas;1767;0,87;2,34;M;ASSELINEAU;François;1205;0,59;1,59;M;POUTOU;Philippe;755;0,37;1;F;ARTHAUD;Nathalie;690;0,34;0,91;M;LASSALLE;Jean;447;0,22;0,59;M;CHEMINADE;Jacques;201;0,1;0,27
ZS;Saint-Pierre-et-Miquelon;4966;2238;45,07;2728;54,93;70;1,41;2,57;26;0,52;0,95;2632;53;96,48;M;MÉLENCHON;Jean-Luc;933;18,79;35,45;F;LE PEN;Marine;478;9,63;18,16;M;MACRON;Emmanuel;473;9,52;17,97;M;FILLON;François;261;5,26;9,92;M;HAMON;Benoît;217;4,37;8,24;M;DUPONT-AIGNAN;Nicolas;79;1,59;3;M;POUTOU;Philippe;64;1,29;2,43;M;LASSALLE;Jean;54;1,09;2,05;M;ASSELINEAU;François;36;0,72;1,37;F;ARTHAUD;Nathalie;28;0,56;1,06;M;CHEMINADE;Jacques;9;0,18;0,34
ZW;Wallis et Futuna;8464;3053;36,07;5411;63,93;35;0,41;0,65;28;0,33;0,52;5348;63,19;98,84;M;MACRON;Emmanuel;1630;19,26;30,48;M;FILLON;François;1526;18,03;28,53;M;HAMON;Benoît;1349;15,94;25,22;F;LE PEN;Marine;380;4,49;7,11;M;MÉLENCHON;Jean-Luc;192;2,27;3,59;M;DUPONT-AIGNAN;Nicolas;79;0,93;1,48;F;ARTHAUD;Nathalie;54;0,64;1,01;M;ASSELINEAU;François;50;0,59;0,93;M;POUTOU;Philippe;41;0,48;0,77;M;LASSALLE;Jean;29;0,34;0,54;M;CHEMINADE;Jacques;18;0,21;0,34
ZX;Saint-Martin/Saint-Barthélemy;25385;17202;67,76;8183;32,24;211;0,83;2,58;107;0,42;1,31;7865;30,98;96,11;M;FILLON;François;2518;9,92;32,02;F;LE PEN;Marine;1834;7,22;23,32;M;MACRON;Emmanuel;1572;6,19;19,99;M;MÉLENCHON;Jean-Luc;1153;4,54;14,66;M;HAMON;Benoît;247;0,97;3,14;M;DUPONT-AIGNAN;Nicolas;216;0,85;2,75;M;ASSELINEAU;François;112;0,44;1,42;M;POUTOU;Philippe;92;0,36;1,17;M;LASSALLE;Jean;68;0,27;0,86;F;ARTHAUD;Nathalie;35;0,14;0,45;M;CHEMINADE;Jacques;18;0,07;0,23
